Date,ProductID,Low_Stock_Priority,Low_Stock_Risk,OrderQuantity,Inventory,Temperature,Rainfall,CPI,Female,Age,Income
2023-12-20,2,10,0.07619047619047614,485,525,42.22,0.0,100.93,0.56,44.08,49946.15059999999
2023-12-20,3,10,0.18406072106261862,430,527,42.22,0.0,100.93,0.56,44.08,49946.15059999999
2023-12-20,1,10,0.2871125611745514,437,613,42.22,0.0,100.93,0.56,44.08,49946.15059999999
2023-12-20,4,10,0.33185185185185184,451,675,42.22,0.0,100.93,0.56,44.08,49946.15059999999
2023-12-21,2,1,-0.1837121212121211,625,528,45.34,0.0,100.93,0.56,44.08,49946.15059999999
2023-12-21,4,5,-0.016077170418006492,948,933,45.34,0.0,100.93,0.56,44.08,49946.15059999999
2023-12-21,3,10,0.09703779366700716,884,979,45.34,0.0,100.93,0.56,44.08,49946.15059999999
2023-12-21,1,10,0.18693467336683423,809,995,45.34,0.0,100.93,0.56,44.08,49946.15059999999
2023-12-22,1,5,-0.008517887563884052,1184,1174,51.87,62.52,100.93,0.56,44.08,49946.15059999999
2023-12-22,3,6,0.011137629276054106,1243,1257,51.87,62.52,100.93,0.56,44.08,49946.15059999999
2023-12-22,2,9,0.05203045685279184,747,788,51.87,62.52,100.93,0.56,44.08,49946.15059999999
2023-12-22,4,10,0.10027662517289071,1301,1446,51.87,62.52,100.93,0.56,44.08,49946.15059999999
2023-12-23,2,7,0.014760147601476037,801,813,50.23,0.0,100.93,0.56,44.08,49946.15059999999
2023-12-23,4,7,0.020097442143727107,1609,1642,50.23,0.0,100.93,0.56,44.08,49946.15059999999
2023-12-23,3,8,0.028683181225554133,1490,1534,50.23,0.0,100.93,0.56,44.08,49946.15059999999
2023-12-23,1,9,0.049543676662320735,1458,1534,50.23,0.0,100.93,0.56,44.08,49946.15059999999
2023-12-24,4,3,-0.05233990147783252,1709,1624,36.22,0.0,100.93,0.56,44.08,49946.15059999999
2023-12-24,2,4,-0.01978239366963397,1031,1011,36.22,0.0,100.93,0.56,44.08,49946.15059999999
2023-12-24,3,7,0.017231795441912223,1768,1799,36.22,0.0,100.93,0.56,44.08,49946.15059999999
2023-12-24,1,10,0.07976445396145615,1719,1868,36.22,0.0,100.93,0.56,44.08,49946.15059999999
2023-12-25,1,1,-0.16047828823159227,1844,1589,46.08,5.22,100.93,0.56,44.08,49946.15059999999
2023-12-25,4,3,-0.04214123006833703,1830,1756,46.08,5.22,100.93,0.56,44.08,49946.15059999999
2023-12-25,3,9,0.04213620774130333,1955,2041,46.08,5.22,100.93,0.56,44.08,49946.15059999999
2023-12-25,2,9,0.05642361111111116,1087,1152,46.08,5.22,100.93,0.56,44.08,49946.15059999999
2023-12-26,2,1,-0.14023210831721467,1179,1034,40.8,0.0,100.93,0.56,44.08,49946.15059999999
2023-12-26,4,5,-0.009584664536741228,1896,1878,40.8,0.0,100.93,0.56,44.08,49946.15059999999
2023-12-26,3,6,0.0019685039370078705,2028,2032,40.8,0.0,100.93,0.56,44.08,49946.15059999999
2023-12-26,1,10,0.09969122187913537,2041,2267,40.8,0.0,100.93,0.56,44.08,49946.15059999999
2023-12-27,3,6,0.0068058076225044895,2189,2204,41.26,154.3,100.93,0.56,44.08,49946.15059999999
2023-12-27,4,7,0.016614279299506096,2190,2227,41.26,154.3,100.93,0.56,44.08,49946.15059999999
2023-12-27,1,9,0.06059405940594065,2372,2525,41.26,154.3,100.93,0.56,44.08,49946.15059999999
2023-12-27,2,10,0.1119631901840491,1158,1304,41.26,154.3,100.93,0.56,44.08,49946.15059999999
2023-12-28,2,1,-0.18947368421052624,1243,1045,44.05,0.0,100.93,0.56,44.08,49946.15059999999
2023-12-28,1,3,-0.03935599284436497,2324,2236,44.05,0.0,100.93,0.56,44.08,49946.15059999999
2023-12-28,3,5,-0.016030174446016066,2155,2121,44.05,0.0,100.93,0.56,44.08,49946.15059999999
2023-12-28,4,6,0.006833712984054663,2180,2195,44.05,0.0,100.93,0.56,44.08,49946.15059999999
2023-12-29,3,5,-0.01788235294117646,2163,2125,42.94,26.71,100.93,0.56,44.08,49946.15059999999
2023-12-29,4,5,-0.013947001394700065,2181,2151,42.94,26.71,100.93,0.56,44.08,49946.15059999999
2023-12-29,1,9,0.04867431737237826,2404,2527,42.94,26.71,100.93,0.56,44.08,49946.15059999999
2023-12-29,2,10,0.08571428571428574,1280,1400,42.94,26.71,100.93,0.56,44.08,49946.15059999999
2023-12-30,2,1,-0.12434325744308228,1284,1142,49.72,0.0,100.93,0.56,44.08,49946.15059999999
2023-12-30,3,2,-0.08284600389863539,2222,2052,49.72,0.0,100.93,0.56,44.08,49946.15059999999
2023-12-30,1,3,-0.045594037702761936,2385,2281,49.72,0.0,100.93,0.56,44.08,49946.15059999999
2023-12-30,4,10,0.08158995815899583,2195,2390,49.72,0.0,100.93,0.56,44.08,49946.15059999999
2023-12-31,3,2,-0.060096153846153744,2205,2080,46.47,0.0,100.93,0.56,44.08,49946.15059999999
2023-12-31,2,3,-0.03495934959349589,1273,1230,46.47,0.0,100.93,0.56,44.08,49946.15059999999
2023-12-31,1,4,-0.02174858634188781,2349,2299,46.47,0.0,100.93,0.56,44.08,49946.15059999999
2023-12-31,4,8,0.03349282296650713,2222,2299,46.47,0.0,100.93,0.56,44.08,49946.15059999999
2024-01-01,1,2,-0.06909871244635202,2491,2330,43.5,52.33,100.93,0.56,44.08,49946.15059999999
2024-01-01,3,3,-0.04184297132110948,2216,2127,43.5,52.33,100.93,0.56,44.08,49946.15059999999
2024-01-01,2,5,-0.016406249999999956,1301,1280,43.5,52.33,100.93,0.56,44.08,49946.15059999999
2024-01-01,4,7,0.01630201630201633,2293,2331,43.5,52.33,100.93,0.56,44.08,49946.15059999999
2024-01-02,2,1,-0.0990764063811922,1309,1191,45.33,0.0,100.93,0.56,44.08,49946.15059999999
2024-01-02,1,4,-0.020689655172413834,2516,2465,45.33,0.0,100.93,0.56,44.08,49946.15059999999
2024-01-02,3,6,-0.0009350163627863672,2141,2139,45.33,0.0,100.93,0.56,44.08,49946.15059999999
2024-01-02,4,7,0.01853486319505737,2224,2266,45.33,0.0,100.93,0.56,44.08,49946.15059999999
2024-01-03,3,4,-0.02934326967862133,2210,2147,45.0,77.18,100.93,0.56,44.08,49946.15059999999
2024-01-03,4,5,-0.015796401930671333,2315,2279,45.0,77.18,100.93,0.56,44.08,49946.15059999999
2024-01-03,1,6,0.0023006134969325576,2602,2608,45.0,77.18,100.93,0.56,44.08,49946.15059999999
2024-01-03,2,7,0.022421524663677084,1308,1338,45.0,77.18,100.93,0.56,44.08,49946.15059999999
2024-01-04,4,2,-0.07699194270367049,2406,2234,51.03,82.35,100.93,0.56,44.08,49946.15059999999
2024-01-04,3,3,-0.037430683918669105,2245,2164,51.03,82.35,100.93,0.56,44.08,49946.15059999999
2024-01-04,2,4,-0.029093931837073983,1238,1203,51.03,82.35,100.93,0.56,44.08,49946.15059999999
2024-01-04,1,4,-0.025789068514241675,2665,2598,51.03,82.35,100.93,0.56,44.08,49946.15059999999
2024-01-05,3,2,-0.07228381374722836,2418,2255,42.75,216.32,100.93,0.56,44.08,49946.15059999999
2024-01-05,2,4,-0.03205128205128216,1288,1248,42.75,216.32,100.93,0.56,44.08,49946.15059999999
2024-01-05,1,6,0.005939902166317235,2845,2862,42.75,216.32,100.93,0.56,44.08,49946.15059999999
2024-01-05,4,7,0.016558675305975545,2732,2778,42.75,216.32,100.93,0.56,44.08,49946.15059999999
2024-01-06,1,4,-0.03220035778175312,2885,2795,45.57,133.65,100.93,0.56,44.08,49946.15059999999
2024-01-06,2,6,0.0038850038850039015,1282,1287,45.57,133.65,100.93,0.56,44.08,49946.15059999999
2024-01-06,4,6,0.0043274432023079346,2761,2773,45.57,133.65,100.93,0.56,44.08,49946.15059999999
2024-01-06,3,8,0.029363784665579096,2380,2452,45.57,133.65,100.93,0.56,44.08,49946.15059999999
2024-01-07,2,1,-0.10148514851485158,1335,1212,39.95,0.0,100.93,0.56,44.08,49946.15059999999
2024-01-07,4,4,-0.027408303103587217,2549,2481,39.95,0.0,100.93,0.56,44.08,49946.15059999999
2024-01-07,3,7,0.017316017316017285,2270,2310,39.95,0.0,100.93,0.56,44.08,49946.15059999999
2024-01-07,1,8,0.03770437103770441,2884,2997,39.95,0.0,100.93,0.56,44.08,49946.15059999999
2024-01-08,2,3,-0.03977669225401259,1490,1433,31.68,0.0,100.93,0.56,44.08,49946.15059999999
2024-01-08,1,4,-0.03148751357220414,2850,2763,31.68,0.0,100.93,0.56,44.08,49946.15059999999
2024-01-08,3,5,-0.014155251141552583,2221,2190,31.68,0.0,100.93,0.56,44.08,49946.15059999999
2024-01-08,4,6,0.002107925801011823,2367,2372,31.68,0.0,100.93,0.56,44.08,49946.15059999999
2024-01-09,4,2,-0.06477561388653674,2515,2362,47.93,109.97,100.93,0.56,44.08,49946.15059999999
2024-01-09,1,3,-0.04299481097108959,2814,2698,47.93,109.97,100.93,0.56,44.08,49946.15059999999
2024-01-09,3,7,0.019930675909878737,2262,2308,47.93,109.97,100.93,0.56,44.08,49946.15059999999
2024-01-09,2,9,0.061559507523939794,1372,1462,47.93,109.97,100.93,0.56,44.08,49946.15059999999
2024-01-10,4,5,-0.006714060031595581,2549,2532,49.21,65.53,100.93,0.56,44.08,49946.15059999999
2024-01-10,3,9,0.049159663865546266,2263,2380,49.21,65.53,100.93,0.56,44.08,49946.15059999999
2024-01-10,1,9,0.05129982668977473,2737,2885,49.21,65.53,100.93,0.56,44.08,49946.15059999999
2024-01-10,2,10,0.1283095723014257,1284,1473,49.21,65.53,100.93,0.56,44.08,49946.15059999999
2024-01-11,1,3,-0.040104947526236945,2775,2668,41.4,64.01,100.93,0.56,44.08,49946.15059999999
2024-01-11,3,5,-0.0176678445229681,2304,2264,41.4,64.01,100.93,0.56,44.08,49946.15059999999
2024-01-11,4,9,0.046055115137787817,2527,2649,41.4,64.01,100.93,0.56,44.08,49946.15059999999
2024-01-11,2,10,0.07085020242914974,1377,1482,41.4,64.01,100.93,0.56,44.08,49946.15059999999
2024-01-12,1,6,0.007541478129713397,2632,2652,56.68,0.0,100.93,0.56,44.08,49946.15059999999
2024-01-12,3,7,0.01552106430155209,2220,2255,56.68,0.0,100.93,0.56,44.08,49946.15059999999
2024-01-12,4,8,0.027689873417721556,2458,2528,56.68,0.0,100.93,0.56,44.08,49946.15059999999
2024-01-12,2,10,0.07018813314037631,1285,1382,56.68,0.0,100.93,0.56,44.08,49946.15059999999
2024-01-13,1,6,0.0003639010189228076,2747,2748,38.28,0.0,100.93,0.56,44.08,49946.15059999999
2024-01-13,3,6,0.00536432722396063,2225,2237,38.28,0.0,100.93,0.56,44.08,49946.15059999999
2024-01-13,4,7,0.01672940192388117,2351,2391,38.28,0.0,100.93,0.56,44.08,49946.15059999999
2024-01-13,2,10,0.1151358344113842,1368,1546,38.28,0.0,100.93,0.56,44.08,49946.15059999999
2024-01-14,2,1,-0.10876623376623384,1366,1232,46.01,0.0,100.93,0.56,44.08,49946.15059999999
2024-01-14,3,2,-0.06204201270151444,2174,2047,46.01,0.0,100.93,0.56,44.08,49946.15059999999
2024-01-14,4,9,0.040764331210191074,2259,2355,46.01,0.0,100.93,0.56,44.08,49946.15059999999
2024-01-14,1,10,0.06631393298059962,2647,2835,46.01,0.0,100.93,0.56,44.08,49946.15059999999
2024-01-15,1,3,-0.04566744730679151,2679,2562,45.06,27.99,100.93,0.56,44.08,49946.15059999999
2024-01-15,4,3,-0.03382084095063975,2262,2188,45.06,27.99,100.93,0.56,44.08,49946.15059999999
2024-01-15,3,4,-0.019980506822611988,2093,2052,45.06,27.99,100.93,0.56,44.08,49946.15059999999
2024-01-15,2,10,0.12364563416188656,1375,1569,45.06,27.99,100.93,0.56,44.08,49946.15059999999
2024-01-16,4,8,0.03815175922000846,2269,2359,53.89,0.0,100.93,0.56,44.08,49946.15059999999
2024-01-16,1,10,0.0686940966010734,2603,2795,53.89,0.0,100.93,0.56,44.08,49946.15059999999
2024-01-16,3,10,0.08204675782973092,2081,2267,53.89,0.0,100.93,0.56,44.08,49946.15059999999
2024-01-16,2,10,0.09814323607427056,1360,1508,53.89,0.0,100.93,0.56,44.08,49946.15059999999
2024-01-17,1,3,-0.03405940594059409,2611,2525,53.79,91.02,100.93,0.56,44.08,49946.15059999999
2024-01-17,3,5,-0.012814194184327166,2055,2029,53.79,91.02,100.93,0.56,44.08,49946.15059999999
2024-01-17,4,8,0.03265306122448974,2370,2450,53.79,91.02,100.93,0.56,44.08,49946.15059999999
2024-01-17,2,10,0.12674187126741876,1316,1507,53.79,91.02,100.93,0.56,44.08,49946.15059999999
2024-01-18,2,5,-0.011574074074074181,1311,1296,47.44,31.72,100.93,0.56,44.08,49946.15059999999
2024-01-18,3,8,0.028584817244611038,2073,2134,47.44,31.72,100.93,0.56,44.08,49946.15059999999
2024-01-18,1,8,0.035364936042136974,2564,2658,47.44,31.72,100.93,0.56,44.08,49946.15059999999
2024-01-18,4,8,0.03723188992310811,2379,2471,47.44,31.72,100.93,0.56,44.08,49946.15059999999
2024-01-19,2,2,-0.09503051438535315,1256,1147,48.78,78.63,100.93,0.56,44.08,49946.15059999999
2024-01-19,3,7,0.013382556529764611,2138,2167,48.78,78.63,100.93,0.56,44.08,49946.15059999999
2024-01-19,1,7,0.014041745730550281,2598,2635,48.78,78.63,100.93,0.56,44.08,49946.15059999999
2024-01-19,4,9,0.050710718401844046,2471,2603,48.78,78.63,100.93,0.56,44.08,49946.15059999999
2024-01-20,1,4,-0.0277554304102976,2555,2486,42.67,0.0,100.93,0.56,44.08,49946.15059999999
2024-01-20,3,4,-0.021037181996086174,2087,2044,42.67,0.0,100.93,0.56,44.08,49946.15059999999
2024-01-20,2,5,-0.011570247933884392,1224,1210,42.67,0.0,100.93,0.56,44.08,49946.15059999999
2024-01-20,4,10,0.07156748346946717,2387,2571,42.67,0.0,100.93,0.56,44.08,49946.15059999999
2024-01-21,3,3,-0.03767972235994055,2093,2017,37.43,0.0,100.93,0.56,44.08,49946.15059999999
2024-01-21,4,7,0.022334597555836444,2320,2373,37.43,0.0,100.93,0.56,44.08,49946.15059999999
2024-01-21,1,8,0.024925595238095233,2621,2688,37.43,0.0,100.93,0.56,44.08,49946.15059999999
2024-01-21,2,8,0.029261155815654694,1327,1367,37.43,0.0,100.93,0.56,44.08,49946.15059999999
2024-01-22,3,4,-0.03180212014134276,2044,1981,45.82,0.0,100.93,0.56,44.08,49946.15059999999
2024-01-22,1,4,-0.026950925181013607,2553,2486,45.82,0.0,100.93,0.56,44.08,49946.15059999999
2024-01-22,2,6,0.0023130300693908756,1294,1297,45.82,0.0,100.93,0.56,44.08,49946.15059999999
2024-01-22,4,8,0.028246205733558183,2305,2372,45.82,0.0,100.93,0.56,44.08,49946.15059999999
2024-01-23,4,3,-0.0516098484848484,2221,2112,48.56,0.0,100.93,0.56,44.08,49946.15059999999
2024-01-23,2,5,-0.016460905349794164,1235,1215,48.56,0.0,100.93,0.56,44.08,49946.15059999999
2024-01-23,3,7,0.019108280254777066,2002,2041,48.56,0.0,100.93,0.56,44.08,49946.15059999999
2024-01-23,1,7,0.0219907407407407,2535,2592,48.56,0.0,100.93,0.56,44.08,49946.15059999999
2024-01-24,1,2,-0.0652364273204904,2433,2284,54.15,37.92,100.93,0.56,44.08,49946.15059999999
2024-01-24,3,6,0.007648183556405397,2076,2092,54.15,37.92,100.93,0.56,44.08,49946.15059999999
2024-01-24,4,8,0.027027027027026973,2268,2331,54.15,37.92,100.93,0.56,44.08,49946.15059999999
2024-01-24,2,8,0.03476151980598219,1194,1237,54.15,37.92,100.93,0.56,44.08,49946.15059999999
2024-01-25,3,3,-0.04347826086956519,2184,2093,54.23,225.93,100.93,0.56,44.08,49946.15059999999
2024-01-25,4,9,0.04004329004328999,2661,2772,54.23,225.93,100.93,0.56,44.08,49946.15059999999
2024-01-25,2,10,0.07592891760904685,1144,1238,54.23,225.93,100.93,0.56,44.08,49946.15059999999
2024-01-25,1,10,0.08167467398764583,2676,2914,54.23,225.93,100.93,0.56,44.08,49946.15059999999
2024-01-26,1,3,-0.05314401622718057,2596,2465,46.51,0.0,100.93,0.56,44.08,49946.15059999999
2024-01-26,2,3,-0.03993055555555558,1198,1152,46.51,0.0,100.93,0.56,44.08,49946.15059999999
2024-01-26,3,6,-0.002732240437158362,2202,2196,46.51,0.0,100.93,0.56,44.08,49946.15059999999
2024-01-26,4,9,0.06421329327825764,2492,2663,46.51,0.0,100.93,0.56,44.08,49946.15059999999
2024-01-27,2,2,-0.07585568917668817,1163,1081,47.16,0.0,100.93,0.56,44.08,49946.15059999999
2024-01-27,1,4,-0.030402629416598215,2508,2434,47.16,0.0,100.93,0.56,44.08,49946.15059999999
2024-01-27,4,4,-0.028387096774193488,2391,2325,47.16,0.0,100.93,0.56,44.08,49946.15059999999
2024-01-27,3,5,-0.004065040650406582,2223,2214,47.16,0.0,100.93,0.56,44.08,49946.15059999999
2024-01-28,2,2,-0.09137489325362935,1278,1171,43.65,0.0,100.93,0.56,44.08,49946.15059999999
2024-01-28,3,2,-0.053697597739048586,2237,2123,43.65,0.0,100.93,0.56,44.08,49946.15059999999
2024-01-28,4,4,-0.018204911092294607,2405,2362,43.65,0.0,100.93,0.56,44.08,49946.15059999999
2024-01-28,1,9,0.04258555133079844,2518,2630,43.65,0.0,100.93,0.56,44.08,49946.15059999999
2024-01-29,1,4,-0.019870235198702346,2515,2466,42.01,0.0,100.93,0.56,44.08,49946.15059999999
2024-01-29,4,6,0.0033277870216306127,2396,2404,42.01,0.0,100.93,0.56,44.08,49946.15059999999
2024-01-29,3,9,0.04032604032604037,2237,2331,42.01,0.0,100.93,0.56,44.08,49946.15059999999
2024-01-29,2,10,0.12363168061815843,1361,1553,42.01,0.0,100.93,0.56,44.08,49946.15059999999
2024-01-30,4,2,-0.06890380313199107,2389,2235,40.8,48.15,100.93,0.56,44.08,49946.15059999999
2024-01-30,1,3,-0.05062240663900419,2532,2410,40.8,48.15,100.93,0.56,44.08,49946.15059999999
2024-01-30,3,3,-0.0449236298292901,2326,2226,40.8,48.15,100.93,0.56,44.08,49946.15059999999
2024-01-30,2,9,0.05714285714285716,1386,1470,40.8,48.15,100.93,0.56,44.08,49946.15059999999
2024-01-31,4,7,0.013074652045550361,2340,2371,59.31,0.0,101.34,0.56,44.08,49946.15059999999
2024-01-31,2,7,0.024162120031176904,1252,1283,59.31,0.0,101.34,0.56,44.08,49946.15059999999
2024-01-31,3,8,0.03970651704790673,2225,2317,59.31,0.0,101.34,0.56,44.08,49946.15059999999
2024-01-31,1,9,0.04612978889757624,2440,2558,59.31,0.0,101.34,0.56,44.08,49946.15059999999
2024-02-01,2,2,-0.05652173913043468,1215,1150,47.23,6.33,101.34,0.56,44.08,49946.15059999999
2024-02-01,3,3,-0.049353138476281755,2190,2087,47.23,6.33,101.34,0.56,44.08,49946.15059999999
2024-02-01,4,8,0.028704094554664383,2301,2369,47.23,6.33,101.34,0.56,44.08,49946.15059999999
2024-02-01,1,8,0.03381066030230706,2429,2514,47.23,6.33,101.34,0.56,44.08,49946.15059999999
2024-02-02,2,2,-0.05867126833477143,1227,1159,47.81,15.65,101.34,0.56,44.08,49946.15059999999
2024-02-02,1,3,-0.033999150021249536,2433,2353,47.81,15.65,101.34,0.56,44.08,49946.15059999999
2024-02-02,3,4,-0.021047708138447252,2183,2138,47.81,15.65,101.34,0.56,44.08,49946.15059999999
2024-02-02,4,6,0.0004244482173174635,2355,2356,47.81,15.65,101.34,0.56,44.08,49946.15059999999
2024-02-03,2,1,-0.12331233123312324,1248,1111,43.96,23.22,101.34,0.56,44.08,49946.15059999999
2024-02-03,4,1,-0.10596658711217177,2317,2095,43.96,23.22,101.34,0.56,44.08,49946.15059999999
2024-02-03,3,4,-0.029836829836829892,2209,2145,43.96,23.22,101.34,0.56,44.08,49946.15059999999
2024-02-03,1,5,-0.014175779667881638,2504,2469,43.96,23.22,101.34,0.56,44.08,49946.15059999999
2024-02-04,2,1,-0.15717092337917493,1178,1018,54.33,0.0,101.34,0.56,44.08,49946.15059999999
2024-02-04,3,2,-0.05384238864415081,2153,2043,54.33,0.0,101.34,0.56,44.08,49946.15059999999
2024-02-04,4,6,0.0020755500207555455,2404,2409,54.33,0.0,101.34,0.56,44.08,49946.15059999999
2024-02-04,1,8,0.024428684003152124,2476,2538,54.33,0.0,101.34,0.56,44.08,49946.15059999999
2024-02-05,3,2,-0.06525037936267064,2106,1977,42.6,0.0,101.34,0.56,44.08,49946.15059999999
2024-02-05,1,4,-0.030556718292172436,2462,2389,42.6,0.0,101.34,0.56,44.08,49946.15059999999
2024-02-05,4,6,0.010874111250522844,2365,2391,42.6,0.0,101.34,0.56,44.08,49946.15059999999
2024-02-05,2,10,0.10555174777244691,1305,1459,42.6,0.0,101.34,0.56,44.08,49946.15059999999
2024-02-06,2,1,-0.09982788296041312,1278,1162,49.83,0.0,101.34,0.56,44.08,49946.15059999999
2024-02-06,4,5,-0.007368877329865686,2324,2307,49.83,0.0,101.34,0.56,44.08,49946.15059999999
2024-02-06,1,6,-0.001258389261745041,2387,2384,49.83,0.0,101.34,0.56,44.08,49946.15059999999
2024-02-06,3,7,0.024141132776230312,2102,2154,49.83,0.0,101.34,0.56,44.08,49946.15059999999
2024-02-07,1,8,0.030898876404494402,2415,2492,46.63,0.0,101.34,0.56,44.08,49946.15059999999
2024-02-07,4,9,0.054597701149425304,2303,2436,46.63,0.0,101.34,0.56,44.08,49946.15059999999
2024-02-07,2,9,0.05959302325581395,1294,1376,46.63,0.0,101.34,0.56,44.08,49946.15059999999
2024-02-07,3,10,0.09113924050632916,2154,2370,46.63,0.0,101.34,0.56,44.08,49946.15059999999
2024-02-08,2,4,-0.018883415435139606,1241,1218,53.27,0.0,101.34,0.56,44.08,49946.15059999999
2024-02-08,1,5,-0.015503875968992276,2358,2322,53.27,0.0,101.34,0.56,44.08,49946.15059999999
2024-02-08,4,8,0.028236316246741944,2237,2302,53.27,0.0,101.34,0.56,44.08,49946.15059999999
2024-02-08,3,9,0.04959053685168335,2089,2198,53.27,0.0,101.34,0.56,44.08,49946.15059999999
2024-02-09,2,1,-0.15347950428979984,1210,1049,49.0,41.61,101.34,0.56,44.08,49946.15059999999
2024-02-09,4,3,-0.03350160624139509,2252,2179,49.0,41.61,101.34,0.56,44.08,49946.15059999999
2024-02-09,3,6,-0.0009469696969697239,2114,2112,49.0,41.61,101.34,0.56,44.08,49946.15059999999
2024-02-09,1,8,0.0261331155573703,2385,2449,49.0,41.61,101.34,0.56,44.08,49946.15059999999
2024-02-10,2,5,-0.007269789983844976,1247,1238,45.87,0.0,101.34,0.56,44.08,49946.15059999999
2024-02-10,1,6,0.011101973684210509,2405,2432,45.87,0.0,101.34,0.56,44.08,49946.15059999999
2024-02-10,4,7,0.013419913419913443,2279,2310,45.87,0.0,101.34,0.56,44.08,49946.15059999999
2024-02-10,3,9,0.04209065679925994,2071,2162,45.87,0.0,101.34,0.56,44.08,49946.15059999999
2024-02-11,3,3,-0.04721245605223512,2085,1991,51.86,78.12,101.34,0.56,44.08,49946.15059999999
2024-02-11,2,3,-0.040492957746478764,1182,1136,51.86,78.12,101.34,0.56,44.08,49946.15059999999
2024-02-11,4,5,-0.017097581317764732,2439,2398,51.86,78.12,101.34,0.56,44.08,49946.15059999999
2024-02-11,1,8,0.031063321385902065,2433,2511,51.86,78.12,101.34,0.56,44.08,49946.15059999999
2024-02-12,4,6,-0.0015396458814471714,2602,2598,54.36,149.45,101.34,0.56,44.08,49946.15059999999
2024-02-12,1,6,-0.0003883495145631244,2576,2575,54.36,149.45,101.34,0.56,44.08,49946.15059999999
2024-02-12,2,8,0.03125,1147,1184,54.36,149.45,101.34,0.56,44.08,49946.15059999999
2024-02-12,3,10,0.09461732548359969,2153,2378,54.36,149.45,101.34,0.56,44.08,49946.15059999999
2024-02-13,1,3,-0.0399159663865547,2475,2380,52.78,0.0,101.34,0.56,44.08,49946.15059999999
2024-02-13,2,3,-0.032977691561590694,1065,1031,52.78,0.0,101.34,0.56,44.08,49946.15059999999
2024-02-13,3,4,-0.02199904351984694,2137,2091,52.78,0.0,101.34,0.56,44.08,49946.15059999999
2024-02-13,4,7,0.01898734177215189,2480,2528,52.78,0.0,101.34,0.56,44.08,49946.15059999999
2024-02-14,1,2,-0.06623655913978488,2479,2325,54.18,42.63,101.34,0.56,44.08,49946.15059999999
2024-02-14,2,6,0.0058651026392961825,1017,1023,54.18,42.63,101.34,0.56,44.08,49946.15059999999
2024-02-14,3,6,0.006827492034592653,2182,2197,54.18,42.63,101.34,0.56,44.08,49946.15059999999
2024-02-14,4,6,0.009211053263916691,2474,2497,54.18,42.63,101.34,0.56,44.08,49946.15059999999
2024-02-15,3,2,-0.06787762906309758,2234,2092,49.72,67.69,101.34,0.56,44.08,49946.15059999999
2024-02-15,1,4,-0.023915687069314906,2526,2467,49.72,67.69,101.34,0.56,44.08,49946.15059999999
2024-02-15,2,4,-0.02279484638255691,1032,1009,49.72,67.69,101.34,0.56,44.08,49946.15059999999
2024-02-15,4,4,-0.020073740270381002,2490,2441,49.72,67.69,101.34,0.56,44.08,49946.15059999999
2024-02-16,3,2,-0.05659448818897639,2147,2032,51.3,0.0,101.34,0.56,44.08,49946.15059999999
2024-02-16,1,4,-0.022939677145284554,2408,2354,51.3,0.0,101.34,0.56,44.08,49946.15059999999
2024-02-16,4,8,0.030139103554868596,2510,2588,51.3,0.0,101.34,0.56,44.08,49946.15059999999
2024-02-16,2,8,0.03583916083916083,1103,1144,51.3,0.0,101.34,0.56,44.08,49946.15059999999
2024-02-17,2,1,-0.2159329140461217,1160,954,49.97,0.0,101.34,0.56,44.08,49946.15059999999
2024-02-17,3,7,0.019186843307446355,2147,2189,49.97,0.0,101.34,0.56,44.08,49946.15059999999
2024-02-17,4,8,0.02710355987055013,2405,2472,49.97,0.0,101.34,0.56,44.08,49946.15059999999
2024-02-17,1,9,0.058431372549019645,2401,2550,49.97,0.0,101.34,0.56,44.08,49946.15059999999
2024-02-18,2,3,-0.03451327433628326,1169,1130,51.76,0.0,101.34,0.56,44.08,49946.15059999999
2024-02-18,1,4,-0.02763157894736845,2343,2280,51.76,0.0,101.34,0.56,44.08,49946.15059999999
2024-02-18,4,5,-0.012837538733952991,2288,2259,51.76,0.0,101.34,0.56,44.08,49946.15059999999
2024-02-18,3,5,-0.006196377502383221,2111,2098,51.76,0.0,101.34,0.56,44.08,49946.15059999999
2024-02-19,2,1,-0.16245136186770437,1195,1028,49.71,0.0,101.34,0.56,44.08,49946.15059999999
2024-02-19,1,5,-0.013129102844638973,2315,2285,49.71,0.0,101.34,0.56,44.08,49946.15059999999
2024-02-19,4,9,0.045052631578947344,2268,2375,49.71,0.0,101.34,0.56,44.08,49946.15059999999
2024-02-19,3,9,0.05159264244055628,2114,2229,49.71,0.0,101.34,0.56,44.08,49946.15059999999
2024-02-20,2,1,-0.13734713076199445,1209,1063,45.37,0.0,101.34,0.56,44.08,49946.15059999999
2024-02-20,1,3,-0.03508012126461679,2390,2309,45.37,0.0,101.34,0.56,44.08,49946.15059999999
2024-02-20,4,4,-0.026735459662288852,2189,2132,45.37,0.0,101.34,0.56,44.08,49946.15059999999
2024-02-20,3,7,0.023636363636363678,2148,2200,45.37,0.0,101.34,0.56,44.08,49946.15059999999
2024-02-21,2,4,-0.026248941574936513,1212,1181,55.11,0.0,101.34,0.56,44.08,49946.15059999999
2024-02-21,1,6,0.006102877070618962,2280,2294,55.11,0.0,101.34,0.56,44.08,49946.15059999999
2024-02-21,4,8,0.030131004366812264,2221,2290,55.11,0.0,101.34,0.56,44.08,49946.15059999999
2024-02-21,3,8,0.031137184115523464,2147,2216,55.11,0.0,101.34,0.56,44.08,49946.15059999999
2024-02-22,2,1,-0.12789620018535675,1217,1079,52.44,115.23,101.34,0.56,44.08,49946.15059999999
2024-02-22,3,2,-0.07821782178217829,2178,2020,52.44,115.23,101.34,0.56,44.08,49946.15059999999
2024-02-22,1,4,-0.03146853146853146,2360,2288,52.44,115.23,101.34,0.56,44.08,49946.15059999999
2024-02-22,4,8,0.024746450304259593,2404,2465,52.44,115.23,101.34,0.56,44.08,49946.15059999999
2024-02-23,1,3,-0.04966329966329974,2494,2376,46.52,107.96,101.34,0.56,44.08,49946.15059999999
2024-02-23,2,3,-0.04413062665489842,1183,1133,46.52,107.96,101.34,0.56,44.08,49946.15059999999
2024-02-23,3,4,-0.02705181109582755,2240,2181,46.52,107.96,101.34,0.56,44.08,49946.15059999999
2024-02-23,4,6,-0.0020267531414672746,2472,2467,46.52,107.96,101.34,0.56,44.08,49946.15059999999
2024-02-24,1,2,-0.08776716689404274,2392,2199,57.2,0.0,101.34,0.56,44.08,49946.15059999999
2024-02-24,4,6,0.0032206119162641045,2476,2484,57.2,0.0,101.34,0.56,44.08,49946.15059999999
2024-02-24,2,7,0.016483516483516536,1074,1092,57.2,0.0,101.34,0.56,44.08,49946.15059999999
2024-02-24,3,7,0.023561395559583143,2155,2207,57.2,0.0,101.34,0.56,44.08,49946.15059999999
2024-02-25,4,1,-0.1305987741631307,2398,2121,50.57,0.0,101.34,0.56,44.08,49946.15059999999
2024-02-25,1,5,-0.013169073916737384,2385,2354,50.57,0.0,101.34,0.56,44.08,49946.15059999999
2024-02-25,2,6,0.007751937984496138,1152,1161,50.57,0.0,101.34,0.56,44.08,49946.15059999999
2024-02-25,3,7,0.01802218114602583,2125,2164,50.57,0.0,101.34,0.56,44.08,49946.15059999999
2024-02-26,3,4,-0.03161478599221801,2121,2056,55.59,52.11,101.34,0.56,44.08,49946.15059999999
2024-02-26,4,5,-0.016149068322981464,2454,2415,55.59,52.11,101.34,0.56,44.08,49946.15059999999
2024-02-26,2,8,0.03388357949609033,1112,1151,55.59,52.11,101.34,0.56,44.08,49946.15059999999
2024-02-26,1,10,0.07526051717483595,2396,2591,55.59,52.11,101.34,0.56,44.08,49946.15059999999
2024-02-27,3,1,-0.10556422256890285,2126,1923,59.2,0.0,101.34,0.56,44.08,49946.15059999999
2024-02-27,2,5,-0.011055276381909618,1006,995,59.2,0.0,101.34,0.56,44.08,49946.15059999999
2024-02-27,1,7,0.02109341368919504,2274,2323,59.2,0.0,101.34,0.56,44.08,49946.15059999999
2024-02-27,4,10,0.07990690457719163,2372,2578,59.2,0.0,101.34,0.56,44.08,49946.15059999999
2024-02-28,3,3,-0.0343968095712861,2075,2006,56.42,14.2,101.34,0.56,44.08,49946.15059999999
2024-02-28,1,5,-0.004809794490598929,2298,2287,56.42,14.2,101.34,0.56,44.08,49946.15059999999
2024-02-28,4,9,0.061224489795918324,2346,2499,56.42,14.2,101.34,0.56,44.08,49946.15059999999
2024-02-28,2,10,0.08908296943231442,1043,1145,56.42,14.2,101.34,0.56,44.08,49946.15059999999
2024-02-29,3,2,-0.05322415557830085,2058,1954,61.7,0.0,101.98,0.56,44.08,49946.15059999999
2024-02-29,1,7,0.012227074235807822,2262,2290,61.7,0.0,101.98,0.56,44.08,49946.15059999999
2024-02-29,4,9,0.049712407559572735,2313,2434,61.7,0.0,101.98,0.56,44.08,49946.15059999999
2024-02-29,2,9,0.05876591576885404,961,1021,61.7,0.0,101.98,0.56,44.08,49946.15059999999
2024-03-01,3,4,-0.02941176470588225,2170,2108,50.05,69.15,101.98,0.56,44.08,49946.15059999999
2024-03-01,4,4,-0.020860495436766602,2349,2301,50.05,69.15,101.98,0.56,44.08,49946.15059999999
2024-03-01,1,8,0.028145695364238388,2348,2416,50.05,69.15,101.98,0.56,44.08,49946.15059999999
2024-03-01,2,10,0.12070566388115134,947,1077,50.05,69.15,101.98,0.56,44.08,49946.15059999999
2024-03-02,2,1,-0.12426729191090269,959,853,58.46,69.47,101.98,0.56,44.08,49946.15059999999
2024-03-02,3,5,-0.006184586108468171,2115,2102,58.46,69.47,101.98,0.56,44.08,49946.15059999999
2024-03-02,4,9,0.044365920691008975,2434,2547,58.46,69.47,101.98,0.56,44.08,49946.15059999999
2024-03-02,1,10,0.09101701622477243,2297,2527,58.46,69.47,101.98,0.56,44.08,49946.15059999999
2024-03-03,3,4,-0.018139534883720998,2189,2150,53.24,0.0,101.98,0.56,44.08,49946.15059999999
2024-03-03,1,6,0.003954305799648505,2267,2276,53.24,0.0,101.98,0.56,44.08,49946.15059999999
2024-03-03,4,7,0.01481778133760514,2460,2497,53.24,0.0,101.98,0.56,44.08,49946.15059999999
2024-03-03,2,9,0.05714285714285716,957,1015,53.24,0.0,101.98,0.56,44.08,49946.15059999999
2024-03-04,1,2,-0.06232023010546506,2216,2086,52.53,0.0,101.98,0.56,44.08,49946.15059999999
2024-03-04,4,4,-0.02931034482758621,2388,2320,52.53,0.0,101.98,0.56,44.08,49946.15059999999
2024-03-04,3,5,-0.004961659900766913,2228,2217,52.53,0.0,101.98,0.56,44.08,49946.15059999999
2024-03-04,2,10,0.132636655948553,1079,1244,52.53,0.0,101.98,0.56,44.08,49946.15059999999
2024-03-05,3,2,-0.06571146245059278,2157,2024,54.22,0.0,101.98,0.56,44.08,49946.15059999999
2024-03-05,4,2,-0.05963506898086335,2381,2247,54.22,0.0,101.98,0.56,44.08,49946.15059999999
2024-03-05,2,3,-0.047767393561786164,1009,963,54.22,0.0,101.98,0.56,44.08,49946.15059999999
2024-03-05,1,8,0.02941176470588236,2178,2244,54.22,0.0,101.98,0.56,44.08,49946.15059999999
2024-03-06,2,5,-0.016129032258064502,945,930,55.78,61.04,101.98,0.56,44.08,49946.15059999999
2024-03-06,3,5,-0.00614657210401881,2128,2115,55.78,61.04,101.98,0.56,44.08,49946.15059999999
2024-03-06,1,8,0.029779887785930104,2248,2317,55.78,61.04,101.98,0.56,44.08,49946.15059999999
2024-03-06,4,9,0.040996168582375425,2503,2610,55.78,61.04,101.98,0.56,44.08,49946.15059999999
2024-03-07,2,2,-0.08075221238938046,977,904,57.84,0.0,101.98,0.56,44.08,49946.15059999999
2024-03-07,1,3,-0.052730696798493515,2236,2124,57.84,0.0,101.98,0.56,44.08,49946.15059999999
2024-03-07,3,4,-0.018207954000958315,2125,2087,57.84,0.0,101.98,0.56,44.08,49946.15059999999
2024-03-07,4,6,0.0036115569823435,2483,2492,57.84,0.0,101.98,0.56,44.08,49946.15059999999
2024-03-08,2,4,-0.027450980392156765,1048,1020,51.95,0.0,101.98,0.56,44.08,49946.15059999999
2024-03-08,4,5,-0.00417710944026739,2404,2394,51.95,0.0,101.98,0.56,44.08,49946.15059999999
2024-03-08,3,6,-0.002912621359223211,2066,2060,51.95,0.0,101.98,0.56,44.08,49946.15059999999
2024-03-08,1,6,-0.0018298261665141702,2190,2186,51.95,0.0,101.98,0.56,44.08,49946.15059999999
2024-03-09,2,2,-0.0901001112347053,980,899,62.5,0.0,101.98,0.56,44.08,49946.15059999999
2024-03-09,4,3,-0.03893263342082243,2375,2286,62.5,0.0,101.98,0.56,44.08,49946.15059999999
2024-03-09,1,3,-0.03400383141762453,2159,2088,62.5,0.0,101.98,0.56,44.08,49946.15059999999
2024-03-09,3,7,0.012808349146110065,2081,2108,62.5,0.0,101.98,0.56,44.08,49946.15059999999
2024-03-10,1,2,-0.05718547986076583,2126,2011,60.55,0.0,101.98,0.56,44.08,49946.15059999999
2024-03-10,2,3,-0.03336921420882666,960,929,60.55,0.0,101.98,0.56,44.08,49946.15059999999
2024-03-10,3,5,-0.0073135056070210425,2066,2051,60.55,0.0,101.98,0.56,44.08,49946.15059999999
2024-03-10,4,10,0.08551881413911055,2406,2631,60.55,0.0,101.98,0.56,44.08,49946.15059999999
2024-03-11,4,2,-0.05368516833484982,2316,2198,50.76,0.0,101.98,0.56,44.08,49946.15059999999
2024-03-11,1,3,-0.03401360544217691,2128,2058,50.76,0.0,101.98,0.56,44.08,49946.15059999999
2024-03-11,3,8,0.034418604651162754,2076,2150,50.76,0.0,101.98,0.56,44.08,49946.15059999999
2024-03-11,2,10,0.08679593721144963,989,1083,50.76,0.0,101.98,0.56,44.08,49946.15059999999
2024-03-12,2,1,-0.15404699738903394,884,766,66.11,18.88,101.98,0.56,44.08,49946.15059999999
2024-03-12,3,1,-0.1440217391304348,2105,1840,66.11,18.88,101.98,0.56,44.08,49946.15059999999
2024-03-12,4,7,0.024400162667751135,2399,2459,66.11,18.88,101.98,0.56,44.08,49946.15059999999
2024-03-12,1,8,0.03574744661095641,2077,2154,66.11,18.88,101.98,0.56,44.08,49946.15059999999
2024-03-13,1,2,-0.09423801830910072,2032,1857,68.37,52.39,101.98,0.56,44.08,49946.15059999999
2024-03-13,3,3,-0.034676185619581856,2029,1961,68.37,52.39,101.98,0.56,44.08,49946.15059999999
2024-03-13,2,9,0.053507728894173656,796,841,68.37,52.39,101.98,0.56,44.08,49946.15059999999
2024-03-13,4,9,0.06233471854930106,2482,2647,68.37,52.39,101.98,0.56,44.08,49946.15059999999
2024-03-14,2,2,-0.059055118110236116,807,762,65.01,8.84,101.98,0.56,44.08,49946.15059999999
2024-03-14,4,3,-0.05166524338172507,2463,2342,65.01,8.84,101.98,0.56,44.08,49946.15059999999
2024-03-14,3,3,-0.034395548811330334,2045,1977,65.01,8.84,101.98,0.56,44.08,49946.15059999999
2024-03-14,1,9,0.05059665871121721,1989,2095,65.01,8.84,101.98,0.56,44.08,49946.15059999999
2024-03-15,2,3,-0.03290246768507643,879,851,58.43,0.0,101.98,0.56,44.08,49946.15059999999
2024-03-15,1,4,-0.023133543638275578,1946,1902,58.43,0.0,101.98,0.56,44.08,49946.15059999999
2024-03-15,3,5,-0.018000000000000016,2036,2000,58.43,0.0,101.98,0.56,44.08,49946.15059999999
2024-03-15,4,6,0.005950019833399489,2506,2521,58.43,0.0,101.98,0.56,44.08,49946.15059999999
2024-03-16,4,2,-0.062829525483304,2419,2276,54.2,9.74,101.98,0.56,44.08,49946.15059999999
2024-03-16,3,3,-0.03822937625754519,2064,1988,54.2,9.74,101.98,0.56,44.08,49946.15059999999
2024-03-16,1,8,0.028514257128564258,1942,1999,54.2,9.74,101.98,0.56,44.08,49946.15059999999
2024-03-16,2,8,0.03490759753593431,940,974,54.2,9.74,101.98,0.56,44.08,49946.15059999999
2024-03-17,2,2,-0.09066666666666667,818,750,65.05,39.9,101.98,0.56,44.08,49946.15059999999
2024-03-17,3,4,-0.03230616302186884,2077,2012,65.05,39.9,101.98,0.56,44.08,49946.15059999999
2024-03-17,4,4,-0.02227934875749793,2386,2334,65.05,39.9,101.98,0.56,44.08,49946.15059999999
2024-03-17,1,10,0.06614785992217898,1920,2056,65.05,39.9,101.98,0.56,44.08,49946.15059999999
2024-03-18,1,1,-0.10562571756601602,1926,1742,57.98,0.0,101.98,0.56,44.08,49946.15059999999
2024-03-18,2,2,-0.05897114178168139,844,797,57.98,0.0,101.98,0.56,44.08,49946.15059999999
2024-03-18,3,4,-0.023797468354430418,2022,1975,57.98,0.0,101.98,0.56,44.08,49946.15059999999
2024-03-18,4,8,0.02527517325723605,2391,2453,57.98,0.0,101.98,0.56,44.08,49946.15059999999
2024-03-19,2,6,0.0,756,756,66.33,195.59,101.98,0.56,44.08,49946.15059999999
2024-03-19,4,7,0.012065813528336355,2702,2735,66.33,195.59,101.98,0.56,44.08,49946.15059999999
2024-03-19,1,8,0.03109508787742221,2150,2219,66.33,195.59,101.98,0.56,44.08,49946.15059999999
2024-03-19,3,9,0.04327594229874365,2056,2149,66.33,195.59,101.98,0.56,44.08,49946.15059999999
2024-03-20,4,5,-0.014700339238597815,2692,2653,61.49,39.01,101.98,0.56,44.08,49946.15059999999
2024-03-20,3,5,-0.009368836291913318,2047,2028,61.49,39.01,101.98,0.56,44.08,49946.15059999999
2024-03-20,1,6,-0.0004572473708275293,2188,2187,61.49,39.01,101.98,0.56,44.08,49946.15059999999
2024-03-20,2,7,0.019975031210986316,785,801,61.49,39.01,101.98,0.56,44.08,49946.15059999999
2024-03-21,2,1,-0.15774647887323945,822,710,65.55,0.0,101.98,0.56,44.08,49946.15059999999
2024-03-21,4,3,-0.03933253873659126,2616,2517,65.55,0.0,101.98,0.56,44.08,49946.15059999999
2024-03-21,1,5,-0.012652068126520755,2081,2055,65.55,0.0,101.98,0.56,44.08,49946.15059999999
2024-03-21,3,7,0.013474494706448459,2050,2078,65.55,0.0,101.98,0.56,44.08,49946.15059999999
2024-03-22,2,4,-0.029962546816479474,825,801,62.67,0.0,101.98,0.56,44.08,49946.15059999999
2024-03-22,3,6,0.0019559902200488866,2041,2045,62.67,0.0,101.98,0.56,44.08,49946.15059999999
2024-03-22,4,7,0.019367588932806323,2481,2530,62.67,0.0,101.98,0.56,44.08,49946.15059999999
2024-03-22,1,8,0.038567493112947604,2094,2178,62.67,0.0,101.98,0.56,44.08,49946.15059999999
2024-03-23,2,1,-0.2434108527131782,802,645,64.64,49.37,101.98,0.56,44.08,49946.15059999999
2024-03-23,3,5,-0.009876543209876631,2045,2025,64.64,49.37,101.98,0.56,44.08,49946.15059999999
2024-03-23,1,8,0.029781293624941862,2085,2149,64.64,49.37,101.98,0.56,44.08,49946.15059999999
2024-03-23,4,8,0.03361344537815125,2530,2618,64.64,49.37,101.98,0.56,44.08,49946.15059999999
2024-03-24,3,1,-0.12349066959385291,2047,1822,61.39,0.0,101.98,0.56,44.08,49946.15059999999
2024-03-24,1,2,-0.08998935037273692,2047,1878,61.39,0.0,101.98,0.56,44.08,49946.15059999999
2024-03-24,4,3,-0.04271356783919589,2490,2388,61.39,0.0,101.98,0.56,44.08,49946.15059999999
2024-03-24,2,9,0.04377880184331795,830,868,61.39,0.0,101.98,0.56,44.08,49946.15059999999
2024-03-25,2,1,-0.2854671280276817,743,578,70.48,0.0,101.98,0.56,44.08,49946.15059999999
2024-03-25,4,2,-0.06358131487889263,2459,2312,70.48,0.0,101.98,0.56,44.08,49946.15059999999
2024-03-25,3,3,-0.05043746783324754,2041,1943,70.48,0.0,101.98,0.56,44.08,49946.15059999999
2024-03-25,1,6,0.0015665796344647154,1912,1915,70.48,0.0,101.98,0.56,44.08,49946.15059999999
2024-03-26,4,5,-0.00794510653665581,2791,2769,62.41,206.45,101.98,0.56,44.08,49946.15059999999
2024-03-26,2,7,0.022727272727272707,688,704,62.41,206.45,101.98,0.56,44.08,49946.15059999999
2024-03-26,3,8,0.026131591227251505,2087,2143,62.41,206.45,101.98,0.56,44.08,49946.15059999999
2024-03-26,1,10,0.07062876830318687,2158,2322,62.41,206.45,101.98,0.56,44.08,49946.15059999999
2024-03-27,2,1,-0.3084291187739463,683,522,64.01,0.0,101.98,0.56,44.08,49946.15059999999
2024-03-27,4,4,-0.029862475442043124,2621,2545,64.01,0.0,101.98,0.56,44.08,49946.15059999999
2024-03-27,1,5,-0.016818837097549277,2116,2081,64.01,0.0,101.98,0.56,44.08,49946.15059999999
2024-03-27,3,5,-0.014550928248870942,2022,1993,64.01,0.0,101.98,0.56,44.08,49946.15059999999
2024-03-28,4,8,0.031044558071585127,2653,2738,71.64,102.02,101.98,0.56,44.08,49946.15059999999
2024-03-28,1,8,0.03938832252085267,2073,2158,71.64,102.02,101.98,0.56,44.08,49946.15059999999
2024-03-28,3,10,0.06603346901854368,2065,2211,71.64,102.02,101.98,0.56,44.08,49946.15059999999
2024-03-28,2,10,0.14980289093298294,647,761,71.64,102.02,101.98,0.56,44.08,49946.15059999999
2024-03-29,2,1,-0.16251830161054182,794,683,55.71,0.0,101.98,0.56,44.08,49946.15059999999
2024-03-29,1,4,-0.029338637493784292,2070,2011,55.71,0.0,101.98,0.56,44.08,49946.15059999999
2024-03-29,4,7,0.013757861635220081,2509,2544,55.71,0.0,101.98,0.56,44.08,49946.15059999999
2024-03-29,3,8,0.036363636363636376,2014,2090,55.71,0.0,101.98,0.56,44.08,49946.15059999999
2024-03-30,1,2,-0.083929422985217,2273,2097,56.31,153.64,101.98,0.56,44.08,49946.15059999999
2024-03-30,4,6,0.0017966223499820133,2778,2783,56.31,153.64,101.98,0.56,44.08,49946.15059999999
2024-03-30,3,8,0.03683492496589358,2118,2199,56.31,153.64,101.98,0.56,44.08,49946.15059999999
2024-03-30,2,9,0.044303797468354444,755,790,56.31,153.64,101.98,0.56,44.08,49946.15059999999
2024-03-31,2,1,-0.11678832116788329,765,685,67.74,28.63,103.16,0.56,44.08,49946.15059999999
2024-03-31,3,2,-0.07178464606181456,2150,2006,67.74,28.63,103.16,0.56,44.08,49946.15059999999
2024-03-31,1,5,-0.008490566037735903,2138,2120,67.74,28.63,103.16,0.56,44.08,49946.15059999999
2024-03-31,4,8,0.028198801550934127,2757,2837,67.74,28.63,103.16,0.56,44.08,49946.15059999999
2024-04-01,2,4,-0.027980535279805263,845,822,57.25,60.88,103.16,0.56,44.08,49946.15059999999
2024-04-01,1,5,-0.01375515818431916,2211,2181,57.25,60.88,103.16,0.56,44.08,49946.15059999999
2024-04-01,4,8,0.024513338139870222,2706,2774,57.25,60.88,103.16,0.56,44.08,49946.15059999999
2024-04-01,3,10,0.07541412380122059,2121,2294,57.25,60.88,103.16,0.56,44.08,49946.15059999999
2024-04-02,1,7,0.017745803357314127,2048,2085,73.05,0.0,103.16,0.56,44.08,49946.15059999999
2024-04-02,2,7,0.017925736235595346,767,781,73.05,0.0,103.16,0.56,44.08,49946.15059999999
2024-04-02,4,9,0.06133428981348632,2617,2788,73.05,0.0,103.16,0.56,44.08,49946.15059999999
2024-04-02,3,10,0.07122641509433958,1969,2120,73.05,0.0,103.16,0.56,44.08,49946.15059999999
2024-04-03,3,1,-0.11604664075513593,2010,1801,61.49,121.11,103.16,0.56,44.08,49946.15059999999
2024-04-03,4,6,0.0044069041498346895,2711,2723,61.49,121.11,103.16,0.56,44.08,49946.15059999999
2024-04-03,1,9,0.041685545990031714,2115,2207,61.49,121.11,103.16,0.56,44.08,49946.15059999999
2024-04-03,2,10,0.07187112763320946,749,807,61.49,121.11,103.16,0.56,44.08,49946.15059999999
2024-04-04,4,1,-0.11170212765957444,2717,2444,60.04,68.98,103.16,0.56,44.08,49946.15059999999
2024-04-04,1,5,-0.005936073059360725,2203,2190,60.04,68.98,103.16,0.56,44.08,49946.15059999999
2024-04-04,2,6,0.011042944785276121,806,815,60.04,68.98,103.16,0.56,44.08,49946.15059999999
2024-04-04,3,9,0.04380242311276794,2052,2146,60.04,68.98,103.16,0.56,44.08,49946.15059999999
2024-04-05,4,2,-0.05320754716981124,2791,2650,73.61,130.18,103.16,0.56,44.08,49946.15059999999
2024-04-05,1,4,-0.025570776255707806,2246,2190,73.61,130.18,103.16,0.56,44.08,49946.15059999999
2024-04-05,3,4,-0.023057644110275666,2041,1995,73.61,130.18,103.16,0.56,44.08,49946.15059999999
2024-04-05,2,8,0.03616133518776077,693,719,73.61,130.18,103.16,0.56,44.08,49946.15059999999
2024-04-06,3,3,-0.053121577217962734,1923,1826,71.62,0.0,103.16,0.56,44.08,49946.15059999999
2024-04-06,4,7,0.011430678466076705,2681,2712,71.62,0.0,103.16,0.56,44.08,49946.15059999999
2024-04-06,1,8,0.03935926773455378,2099,2185,71.62,0.0,103.16,0.56,44.08,49946.15059999999
2024-04-06,2,9,0.04212168486739465,614,641,71.62,0.0,103.16,0.56,44.08,49946.15059999999
2024-04-07,2,6,0.0,574,574,73.78,0.0,103.16,0.56,44.08,49946.15059999999
2024-04-07,4,6,0.0026345502446367686,2650,2657,73.78,0.0,103.16,0.56,44.08,49946.15059999999
2024-04-07,1,9,0.04001952171791112,1967,2049,73.78,0.0,103.16,0.56,44.08,49946.15059999999
2024-04-07,3,9,0.040040040040040026,1918,1998,73.78,0.0,103.16,0.56,44.08,49946.15059999999
2024-04-08,2,1,-0.26077097505668934,556,441,69.2,230.39,103.16,0.56,44.08,49946.15059999999
2024-04-08,1,5,-0.017599277978339378,2255,2216,69.2,230.39,103.16,0.56,44.08,49946.15059999999
2024-04-08,3,5,-0.0038295835327908367,2097,2089,69.2,230.39,103.16,0.56,44.08,49946.15059999999
2024-04-08,4,6,0.006460387623257402,2922,2941,69.2,230.39,103.16,0.56,44.08,49946.15059999999
2024-04-09,4,3,-0.03575418994413404,2781,2685,60.58,0.0,103.16,0.56,44.08,49946.15059999999
2024-04-09,2,5,-0.017973856209150263,623,612,60.58,0.0,103.16,0.56,44.08,49946.15059999999
2024-04-09,3,7,0.021077283372365363,2090,2135,60.58,0.0,103.16,0.56,44.08,49946.15059999999
2024-04-09,1,8,0.03655462184873948,2293,2380,60.58,0.0,103.16,0.56,44.08,49946.15059999999
2024-04-10,3,2,-0.05440414507772018,2035,1930,74.66,0.0,103.16,0.56,44.08,49946.15059999999
2024-04-10,1,3,-0.037754114230396985,2144,2066,74.66,0.0,103.16,0.56,44.08,49946.15059999999
2024-04-10,2,4,-0.019677996422182487,570,559,74.66,0.0,103.16,0.56,44.08,49946.15059999999
2024-04-10,4,8,0.02891396332863183,2754,2836,74.66,0.0,103.16,0.56,44.08,49946.15059999999
2024-04-11,3,7,0.015669515669515688,2073,2106,63.99,113.69,103.16,0.56,44.08,49946.15059999999
2024-04-11,1,7,0.02008733624454151,2244,2290,63.99,113.69,103.16,0.56,44.08,49946.15059999999
2024-04-11,2,8,0.03813559322033899,681,708,63.99,113.69,103.16,0.56,44.08,49946.15059999999
2024-04-11,4,10,0.06693174287607684,2816,3018,63.99,113.69,103.16,0.56,44.08,49946.15059999999
2024-04-12,2,1,-0.5238095238095237,640,420,69.57,9.77,103.16,0.56,44.08,49946.15059999999
2024-04-12,1,4,-0.02180094786729847,2156,2110,69.57,9.77,103.16,0.56,44.08,49946.15059999999
2024-04-12,4,6,-0.001879699248120259,2665,2660,69.57,9.77,103.16,0.56,44.08,49946.15059999999
2024-04-12,3,6,0.00923226433430513,2039,2058,69.57,9.77,103.16,0.56,44.08,49946.15059999999
2024-04-13,2,1,-0.17509025270758127,651,554,70.51,58.3,103.16,0.56,44.08,49946.15059999999
2024-04-13,1,4,-0.024472168905950165,2135,2084,70.51,58.3,103.16,0.56,44.08,49946.15059999999
2024-04-13,3,4,-0.022153529108706937,1984,1941,70.51,58.3,103.16,0.56,44.08,49946.15059999999
2024-04-13,4,6,0.006734006734006703,2655,2673,70.51,58.3,103.16,0.56,44.08,49946.15059999999
2024-04-14,3,3,-0.050235478806907485,2007,1911,65.22,0.0,103.16,0.56,44.08,49946.15059999999
2024-04-14,4,4,-0.03156212544946069,2582,2503,65.22,0.0,103.16,0.56,44.08,49946.15059999999
2024-04-14,1,4,-0.02422480620155043,2114,2064,65.22,0.0,103.16,0.56,44.08,49946.15059999999
2024-04-14,2,10,0.24717948717948723,734,975,65.22,0.0,103.16,0.56,44.08,49946.15059999999
2024-04-15,1,1,-0.1238457360130365,2069,1841,69.29,37.01,103.16,0.56,44.08,49946.15059999999
2024-04-15,3,1,-0.11558366877515813,1940,1739,69.29,37.01,103.16,0.56,44.08,49946.15059999999
2024-04-15,4,4,-0.020447530864197594,2645,2592,69.29,37.01,103.16,0.56,44.08,49946.15059999999
2024-04-15,2,8,0.03434065934065933,703,728,69.29,37.01,103.16,0.56,44.08,49946.15059999999
2024-04-16,2,1,-0.11844331641285955,661,591,71.06,0.0,103.16,0.56,44.08,49946.15059999999
2024-04-16,1,5,-0.014004149377593311,1955,1928,71.06,0.0,103.16,0.56,44.08,49946.15059999999
2024-04-16,4,8,0.03575297941495126,2670,2769,71.06,0.0,103.16,0.56,44.08,49946.15059999999
2024-04-16,3,10,0.08349420849420852,1899,2072,71.06,0.0,103.16,0.56,44.08,49946.15059999999
2024-04-17,2,1,-0.15017064846416384,674,586,68.55,165.81,103.16,0.56,44.08,49946.15059999999
2024-04-17,4,7,0.01667233752977204,2890,2939,68.55,165.81,103.16,0.56,44.08,49946.15059999999
2024-04-17,3,9,0.05387205387205385,1967,2079,68.55,165.81,103.16,0.56,44.08,49946.15059999999
2024-04-17,1,9,0.05970829535095712,2063,2194,68.55,165.81,103.16,0.56,44.08,49946.15059999999
2024-04-18,3,3,-0.0474934036939314,1985,1895,61.39,0.0,103.16,0.56,44.08,49946.15059999999
2024-04-18,4,5,-0.01581920903954792,2697,2655,61.39,0.0,103.16,0.56,44.08,49946.15059999999
2024-04-18,1,8,0.03563165201295693,2084,2161,61.39,0.0,103.16,0.56,44.08,49946.15059999999
2024-04-18,2,10,0.12244897959183676,731,833,61.39,0.0,103.16,0.56,44.08,49946.15059999999
2024-04-19,2,1,-0.5419222903885481,754,489,68.6,0.0,103.16,0.56,44.08,49946.15059999999
2024-04-19,4,7,0.020355292376017742,2647,2702,68.6,0.0,103.16,0.56,44.08,49946.15059999999
2024-04-19,1,9,0.04003724394785846,2062,2148,68.6,0.0,103.16,0.56,44.08,49946.15059999999
2024-04-19,3,10,0.07287644787644787,1921,2072,68.6,0.0,103.16,0.56,44.08,49946.15059999999
2024-04-20,3,2,-0.05362776025236604,2004,1902,73.97,66.64,103.16,0.56,44.08,49946.15059999999
2024-04-20,4,5,-0.012463343108504388,2762,2728,73.97,66.64,103.16,0.56,44.08,49946.15059999999
2024-04-20,1,6,-0.0019389238972369327,2067,2063,73.97,66.64,103.16,0.56,44.08,49946.15059999999
2024-04-20,2,8,0.03151862464183386,676,698,73.97,66.64,103.16,0.56,44.08,49946.15059999999
2024-04-21,4,6,-0.0026415094339622414,2657,2650,64.08,0.0,103.16,0.56,44.08,49946.15059999999
2024-04-21,1,9,0.05118659841786877,2039,2149,64.08,0.0,103.16,0.56,44.08,49946.15059999999
2024-04-21,3,10,0.11731356301788054,2024,2293,64.08,0.0,103.16,0.56,44.08,49946.15059999999
2024-04-21,2,10,0.15357142857142858,711,840,64.08,0.0,103.16,0.56,44.08,49946.15059999999
2024-04-22,2,2,-0.07715582450832081,712,661,67.03,0.0,103.16,0.56,44.08,49946.15059999999
2024-04-22,3,2,-0.053270042194092815,1997,1896,67.03,0.0,103.16,0.56,44.08,49946.15059999999
2024-04-22,1,3,-0.03329918032786883,2017,1952,67.03,0.0,103.16,0.56,44.08,49946.15059999999
2024-04-22,4,6,-0.002745098039215632,2557,2550,67.03,0.0,103.16,0.56,44.08,49946.15059999999
2024-04-23,4,5,-0.00921843687374757,2518,2495,65.82,0.0,103.16,0.56,44.08,49946.15059999999
2024-04-23,2,5,-0.004037685060565233,746,743,65.82,0.0,103.16,0.56,44.08,49946.15059999999
2024-04-23,1,7,0.01986408782017768,1875,1913,65.82,0.0,103.16,0.56,44.08,49946.15059999999
2024-04-23,3,9,0.05143935818782441,2010,2119,65.82,0.0,103.16,0.56,44.08,49946.15059999999
2024-04-24,2,1,-0.09847198641765709,647,589,77.47,69.38,103.16,0.56,44.08,49946.15059999999
2024-04-24,3,2,-0.09198645598194122,1935,1772,77.47,69.38,103.16,0.56,44.08,49946.15059999999
2024-04-24,4,2,-0.06320907617504057,2624,2468,77.47,69.38,103.16,0.56,44.08,49946.15059999999
2024-04-24,1,4,-0.01897321428571419,1826,1792,77.47,69.38,103.16,0.56,44.08,49946.15059999999
2024-04-25,1,2,-0.07262569832402233,1728,1611,71.81,0.0,103.16,0.56,44.08,49946.15059999999
2024-04-25,3,9,0.04416873449131509,1926,2015,71.81,0.0,103.16,0.56,44.08,49946.15059999999
2024-04-25,4,9,0.04970972423802611,2619,2756,71.81,0.0,103.16,0.56,44.08,49946.15059999999
2024-04-25,2,10,0.1694915254237288,637,767,71.81,0.0,103.16,0.56,44.08,49946.15059999999
2024-04-26,2,1,-0.4161358811040339,667,471,70.7,0.0,103.16,0.56,44.08,49946.15059999999
2024-04-26,1,2,-0.08531109685695948,1692,1559,70.7,0.0,103.16,0.56,44.08,49946.15059999999
2024-04-26,3,3,-0.03733031674208154,1834,1768,70.7,0.0,103.16,0.56,44.08,49946.15059999999
2024-04-26,4,6,0.006463878326996242,2613,2630,70.7,0.0,103.16,0.56,44.08,49946.15059999999
2024-04-27,3,7,0.014141414141414121,1952,1980,65.04,107.77,103.16,0.56,44.08,49946.15059999999
2024-04-27,1,8,0.025283797729618196,1889,1938,65.04,107.77,103.16,0.56,44.08,49946.15059999999
2024-04-27,4,9,0.060353798126951075,2709,2883,65.04,107.77,103.16,0.56,44.08,49946.15059999999
2024-04-27,2,10,0.13436692506459946,670,774,65.04,107.77,103.16,0.56,44.08,49946.15059999999
2024-04-28,2,1,-0.16485507246376807,643,552,71.81,0.0,103.16,0.56,44.08,49946.15059999999
2024-04-28,3,2,-0.09523809523809534,1932,1764,71.81,0.0,103.16,0.56,44.08,49946.15059999999
2024-04-28,4,3,-0.03463203463203457,2629,2541,71.81,0.0,103.16,0.56,44.08,49946.15059999999
2024-04-28,1,5,-0.012600229095074411,1768,1746,71.81,0.0,103.16,0.56,44.08,49946.15059999999
2024-04-29,2,1,-0.14239482200647258,706,618,65.96,0.0,103.16,0.56,44.08,49946.15059999999
2024-04-29,1,7,0.013392857142857095,1768,1792,65.96,0.0,103.16,0.56,44.08,49946.15059999999
2024-04-29,3,9,0.04541015625,1955,2048,65.96,0.0,103.16,0.56,44.08,49946.15059999999
2024-04-29,4,9,0.052670900261486686,2536,2677,65.96,0.0,103.16,0.56,44.08,49946.15059999999
2024-04-30,1,1,-0.15881561238223418,1722,1486,69.71,0.0,103.81,0.56,44.08,49946.15059999999
2024-04-30,3,1,-0.12472035794183456,2011,1788,69.71,0.0,103.81,0.56,44.08,49946.15059999999
2024-04-30,4,7,0.016174686615446854,2433,2473,69.71,0.0,103.81,0.56,44.08,49946.15059999999
2024-04-30,2,10,0.10955414012738851,699,785,69.71,0.0,103.81,0.56,44.08,49946.15059999999
2024-05-01,3,2,-0.07067334446299389,1924,1797,66.6,9.44,103.81,0.56,44.08,49946.15059999999
2024-05-01,4,4,-0.02512998266897748,2366,2308,66.6,9.44,103.81,0.56,44.08,49946.15059999999
2024-05-01,2,6,0.007947019867549643,749,755,66.6,9.44,103.81,0.56,44.08,49946.15059999999
2024-05-01,1,10,0.06626833242802821,1719,1841,66.6,9.44,103.81,0.56,44.08,49946.15059999999
2024-05-02,2,4,-0.02564102564102555,720,702,73.38,0.0,103.81,0.56,44.08,49946.15059999999
2024-05-02,1,5,-0.015494636471990564,1704,1678,73.38,0.0,103.81,0.56,44.08,49946.15059999999
2024-05-02,3,5,-0.010219724067450198,1977,1957,73.38,0.0,103.81,0.56,44.08,49946.15059999999
2024-05-02,4,5,-0.004222972972973027,2378,2368,73.38,0.0,103.81,0.56,44.08,49946.15059999999
2024-05-03,2,1,-0.2264150943396226,650,530,73.11,0.0,103.81,0.56,44.08,49946.15059999999
2024-05-03,3,5,-0.012295081967213184,1976,1952,73.11,0.0,103.81,0.56,44.08,49946.15059999999
2024-05-03,1,7,0.01258992805755399,1647,1668,73.11,0.0,103.81,0.56,44.08,49946.15059999999
2024-05-03,4,9,0.057370820668693034,2481,2632,73.11,0.0,103.81,0.56,44.08,49946.15059999999
2024-05-04,4,1,-0.11601455868971788,2453,2198,69.4,0.0,103.81,0.56,44.08,49946.15059999999
2024-05-04,2,2,-0.07189542483660127,656,612,69.4,0.0,103.81,0.56,44.08,49946.15059999999
2024-05-04,1,4,-0.022877784467188356,1699,1661,69.4,0.0,103.81,0.56,44.08,49946.15059999999
2024-05-04,3,9,0.05149181905678535,1971,2078,69.4,0.0,103.81,0.56,44.08,49946.15059999999
2024-05-05,2,1,-0.10918544194107449,640,577,72.65,0.0,103.81,0.56,44.08,49946.15059999999
2024-05-05,4,6,0.0036659877800406804,2446,2455,72.65,0.0,103.81,0.56,44.08,49946.15059999999
2024-05-05,3,6,0.008146639511201648,1948,1964,72.65,0.0,103.81,0.56,44.08,49946.15059999999
2024-05-05,1,9,0.06399132321041212,1726,1844,72.65,0.0,103.81,0.56,44.08,49946.15059999999
2024-05-06,2,3,-0.03933434190620266,687,661,65.42,0.0,103.81,0.56,44.08,49946.15059999999
2024-05-06,3,3,-0.035170603674540724,1972,1905,65.42,0.0,103.81,0.56,44.08,49946.15059999999
2024-05-06,4,9,0.05088757396449706,2406,2535,65.42,0.0,103.81,0.56,44.08,49946.15059999999
2024-05-06,1,9,0.05142231947483589,1734,1828,65.42,0.0,103.81,0.56,44.08,49946.15059999999
2024-05-07,1,1,-0.15577557755775584,1751,1515,63.65,0.0,103.81,0.56,44.08,49946.15059999999
2024-05-07,3,2,-0.07342465753424654,1959,1825,63.65,0.0,103.81,0.56,44.08,49946.15059999999
2024-05-07,4,3,-0.03236797274275971,2424,2348,63.65,0.0,103.81,0.56,44.08,49946.15059999999
2024-05-07,2,6,0.0027137042062415073,735,737,63.65,0.0,103.81,0.56,44.08,49946.15059999999
2024-05-08,4,2,-0.07824175824175827,2453,2275,73.53,27.45,103.81,0.56,44.08,49946.15059999999
2024-05-08,2,5,-0.0056022408963585235,718,714,73.53,27.45,103.81,0.56,44.08,49946.15059999999
2024-05-08,3,6,0.00964956830878616,1950,1969,73.53,27.45,103.81,0.56,44.08,49946.15059999999
2024-05-08,1,10,0.10286591606960083,1753,1954,73.53,27.45,103.81,0.56,44.08,49946.15059999999
2024-05-09,1,3,-0.043636363636363695,1722,1650,72.39,0.0,103.81,0.56,44.08,49946.15059999999
2024-05-09,3,7,0.018144116122343235,1894,1929,72.39,0.0,103.81,0.56,44.08,49946.15059999999
2024-05-09,4,7,0.024312475089677155,2448,2509,72.39,0.0,103.81,0.56,44.08,49946.15059999999
2024-05-09,2,8,0.027656477438136817,668,687,72.39,0.0,103.81,0.56,44.08,49946.15059999999
2024-05-10,4,2,-0.08154121863799291,2414,2232,74.95,0.0,103.81,0.56,44.08,49946.15059999999
2024-05-10,1,6,0.0,1735,1735,74.95,0.0,103.81,0.56,44.08,49946.15059999999
2024-05-10,3,7,0.023255813953488413,1890,1935,74.95,0.0,103.81,0.56,44.08,49946.15059999999
2024-05-10,2,10,0.0791476407914764,605,657,74.95,0.0,103.81,0.56,44.08,49946.15059999999
2024-05-11,4,5,-0.014580801944106936,2505,2469,83.92,0.0,103.81,0.56,44.08,49946.15059999999
2024-05-11,1,6,0.0018214936247723523,1644,1647,83.92,0.0,103.81,0.56,44.08,49946.15059999999
2024-05-11,3,8,0.031283710895361416,1796,1854,83.92,0.0,103.81,0.56,44.08,49946.15059999999
2024-05-11,2,10,0.1317157712305026,501,577,83.92,0.0,103.81,0.56,44.08,49946.15059999999
2024-05-12,2,1,-0.2860824742268042,499,388,76.94,0.0,103.81,0.56,44.08,49946.15059999999
2024-05-12,1,3,-0.051513200257566005,1633,1553,76.94,0.0,103.81,0.56,44.08,49946.15059999999
2024-05-12,3,5,-0.00742857142857134,1763,1750,76.94,0.0,103.81,0.56,44.08,49946.15059999999
2024-05-12,4,9,0.043378119001919346,2492,2605,76.94,0.0,103.81,0.56,44.08,49946.15059999999
2024-05-13,2,1,-0.14130434782608692,525,460,67.88,225.67,103.81,0.56,44.08,49946.15059999999
2024-05-13,1,1,-0.11565836298932375,1881,1686,67.88,225.67,103.81,0.56,44.08,49946.15059999999
2024-05-13,3,2,-0.06144643828167484,1952,1839,67.88,225.67,103.81,0.56,44.08,49946.15059999999
2024-05-13,4,8,0.026748971193415683,2838,2916,67.88,225.67,103.81,0.56,44.08,49946.15059999999
2024-05-14,2,1,-0.10000000000000009,517,470,78.25,0.0,103.81,0.56,44.08,49946.15059999999
2024-05-14,1,4,-0.031108597285067763,1823,1768,78.25,0.0,103.81,0.56,44.08,49946.15059999999
2024-05-14,3,5,-0.011602209944751474,1831,1810,78.25,0.0,103.81,0.56,44.08,49946.15059999999
2024-05-14,4,7,0.01570867547304533,2757,2801,78.25,0.0,103.81,0.56,44.08,49946.15059999999
2024-05-15,2,1,-1.1603053435114505,566,262,66.31,94.33,103.81,0.56,44.08,49946.15059999999
2024-05-15,1,4,-0.021138211382113914,1884,1845,66.31,94.33,103.81,0.56,44.08,49946.15059999999
2024-05-15,4,7,0.015318845742785858,2764,2807,66.31,94.33,103.81,0.56,44.08,49946.15059999999
2024-05-15,3,8,0.027607361963190136,1902,1956,66.31,94.33,103.81,0.56,44.08,49946.15059999999
2024-05-16,2,1,-0.24657534246575352,546,438,70.8,74.72,103.81,0.56,44.08,49946.15059999999
2024-05-16,1,5,-0.011194029850746245,1897,1876,70.8,74.72,103.81,0.56,44.08,49946.15059999999
2024-05-16,4,7,0.013367052023121384,2731,2768,70.8,74.72,103.81,0.56,44.08,49946.15059999999
2024-05-16,3,7,0.017658930373360193,1947,1982,70.8,74.72,103.81,0.56,44.08,49946.15059999999
2024-05-17,3,3,-0.05043383947939262,1937,1844,72.99,0.0,103.81,0.56,44.08,49946.15059999999
2024-05-17,2,3,-0.03860294117647056,565,544,72.99,0.0,103.81,0.56,44.08,49946.15059999999
2024-05-17,1,4,-0.027167630057803427,1777,1730,72.99,0.0,103.81,0.56,44.08,49946.15059999999
2024-05-17,4,5,-0.006589147286821806,2597,2580,72.99,0.0,103.81,0.56,44.08,49946.15059999999
2024-05-18,1,1,-0.09923175416133168,1717,1562,82.12,77.33,103.81,0.56,44.08,49946.15059999999
2024-05-18,3,3,-0.05230940456316091,1891,1797,82.12,77.33,103.81,0.56,44.08,49946.15059999999
2024-05-18,4,6,0.008502772643253276,2682,2705,82.12,77.33,103.81,0.56,44.08,49946.15059999999
2024-05-18,2,10,0.07794676806083645,485,526,82.12,77.33,103.81,0.56,44.08,49946.15059999999
2024-05-19,2,1,-0.12553191489361692,529,470,70.05,0.0,103.81,0.56,44.08,49946.15059999999
2024-05-19,1,2,-0.08911521323997462,1711,1571,70.05,0.0,103.81,0.56,44.08,49946.15059999999
2024-05-19,4,2,-0.06806068060680603,2605,2439,70.05,0.0,103.81,0.56,44.08,49946.15059999999
2024-05-19,3,5,-0.0058231868713605195,1900,1889,70.05,0.0,103.81,0.56,44.08,49946.15059999999
2024-05-20,3,1,-0.10469314079422376,1836,1662,69.87,0.0,103.81,0.56,44.08,49946.15059999999
2024-05-20,2,2,-0.07459677419354849,533,496,69.87,0.0,103.81,0.56,44.08,49946.15059999999
2024-05-20,4,2,-0.05374121537825549,2549,2419,69.87,0.0,103.81,0.56,44.08,49946.15059999999
2024-05-20,1,6,0.006336405529953959,1725,1736,69.87,0.0,103.81,0.56,44.08,49946.15059999999
2024-05-21,3,5,-0.00698924731182804,1873,1860,73.73,60.63,103.81,0.56,44.08,49946.15059999999
2024-05-21,4,7,0.014519056261342977,2715,2755,73.73,60.63,103.81,0.56,44.08,49946.15059999999
2024-05-21,1,8,0.032327586206896575,1796,1856,73.73,60.63,103.81,0.56,44.08,49946.15059999999
2024-05-21,2,10,0.14401294498381878,529,618,73.73,60.63,103.81,0.56,44.08,49946.15059999999
2024-05-22,4,2,-0.060532687651331685,2628,2478,71.13,0.0,103.81,0.56,44.08,49946.15059999999
2024-05-22,1,7,0.012359550561797716,1758,1780,71.13,0.0,103.81,0.56,44.08,49946.15059999999
2024-05-22,2,9,0.0532445923460898,569,601,71.13,0.0,103.81,0.56,44.08,49946.15059999999
2024-05-22,3,9,0.06286836935166995,1908,2036,71.13,0.0,103.81,0.56,44.08,49946.15059999999
2024-05-23,2,2,-0.08407079646017701,490,452,80.3,45.09,103.81,0.56,44.08,49946.15059999999
2024-05-23,3,5,-0.011840688912809538,1880,1858,80.3,45.09,103.81,0.56,44.08,49946.15059999999
2024-05-23,4,5,-0.011333585190782092,2677,2647,80.3,45.09,103.81,0.56,44.08,49946.15059999999
2024-05-23,1,8,0.038024971623155546,1695,1762,80.3,45.09,103.81,0.56,44.08,49946.15059999999
2024-05-24,2,1,-0.2890995260663507,544,422,69.49,0.0,103.81,0.56,44.08,49946.15059999999
2024-05-24,1,4,-0.022602321319486807,1674,1637,69.49,0.0,103.81,0.56,44.08,49946.15059999999
2024-05-24,3,6,0.009538950715421324,1869,1887,69.49,0.0,103.81,0.56,44.08,49946.15059999999
2024-05-24,4,9,0.05970682874508404,2630,2797,69.49,0.0,103.81,0.56,44.08,49946.15059999999
2024-05-25,3,3,-0.034979423868312765,2012,1944,69.37,165.96,103.81,0.56,44.08,49946.15059999999
2024-05-25,4,5,-0.003831417624521105,2882,2871,69.37,165.96,103.81,0.56,44.08,49946.15059999999
2024-05-25,1,6,-0.0027159152634437245,1846,1841,69.37,165.96,103.81,0.56,44.08,49946.15059999999
2024-05-25,2,6,0.0,521,521,69.37,165.96,103.81,0.56,44.08,49946.15059999999
2024-05-26,2,2,-0.07326732673267333,542,505,73.14,106.85,103.81,0.56,44.08,49946.15059999999
2024-05-26,3,4,-0.023053278688524692,1997,1952,73.14,106.85,103.81,0.56,44.08,49946.15059999999
2024-05-26,4,7,0.013531799729364025,2916,2956,73.14,106.85,103.81,0.56,44.08,49946.15059999999
2024-05-26,1,7,0.023908523908523938,1878,1924,73.14,106.85,103.81,0.56,44.08,49946.15059999999
2024-05-27,1,2,-0.05324751316559384,1800,1709,73.07,0.0,103.81,0.56,44.08,49946.15059999999
2024-05-27,3,9,0.04073522106308991,1931,2013,73.07,0.0,103.81,0.56,44.08,49946.15059999999
2024-05-27,2,9,0.04230118443316411,566,591,73.07,0.0,103.81,0.56,44.08,49946.15059999999
2024-05-27,4,9,0.046217048955837,2786,2921,73.07,0.0,103.81,0.56,44.08,49946.15059999999
2024-05-28,4,3,-0.03772865853658547,2723,2624,85.43,0.0,103.81,0.56,44.08,49946.15059999999
2024-05-28,1,5,-0.005424954792043302,1668,1659,85.43,0.0,103.81,0.56,44.08,49946.15059999999
2024-05-28,3,9,0.05268542199488491,1852,1955,85.43,0.0,103.81,0.56,44.08,49946.15059999999
2024-05-28,2,10,0.20637329286798178,523,659,85.43,0.0,103.81,0.56,44.08,49946.15059999999
2024-05-29,1,2,-0.07976268951878707,1638,1517,80.75,0.0,103.81,0.56,44.08,49946.15059999999
2024-05-29,2,2,-0.07009345794392519,458,428,80.75,0.0,103.81,0.56,44.08,49946.15059999999
2024-05-29,4,6,-0.002698535080956077,2601,2594,80.75,0.0,103.81,0.56,44.08,49946.15059999999
2024-05-29,3,9,0.05196128374936326,1861,1963,80.75,0.0,103.81,0.56,44.08,49946.15059999999
2024-05-30,4,1,-0.09991386735572783,2554,2322,76.66,0.0,103.81,0.56,44.08,49946.15059999999
2024-05-30,1,3,-0.03745318352059934,1662,1602,76.66,0.0,103.81,0.56,44.08,49946.15059999999
2024-05-30,3,7,0.014933333333333354,1847,1875,76.66,0.0,103.81,0.56,44.08,49946.15059999999
2024-05-30,2,10,0.25162337662337664,461,616,76.66,0.0,103.81,0.56,44.08,49946.15059999999
2024-05-31,3,7,0.011982570806100212,1814,1836,70.32,0.0,104.61,0.56,44.08,49946.15059999999
2024-05-31,4,7,0.01716738197424894,2519,2563,70.32,0.0,104.61,0.56,44.08,49946.15059999999
2024-05-31,1,7,0.018765133171912862,1621,1652,70.32,0.0,104.61,0.56,44.08,49946.15059999999
2024-05-31,2,10,0.08538587848932677,557,609,70.32,0.0,104.61,0.56,44.08,49946.15059999999
2024-06-01,2,1,-0.36388888888888893,491,360,80.89,0.0,104.61,0.56,44.08,49946.15059999999
2024-06-01,4,3,-0.03977994075327973,2457,2363,80.89,0.0,104.61,0.56,44.08,49946.15059999999
2024-06-01,3,4,-0.021046643913538166,1795,1758,80.89,0.0,104.61,0.56,44.08,49946.15059999999
2024-06-01,1,5,-0.003916449086161844,1538,1532,80.89,0.0,104.61,0.56,44.08,49946.15059999999
2024-06-02,2,1,-0.30731707317073176,536,410,71.89,15.67,104.61,0.56,44.08,49946.15059999999
2024-06-02,1,2,-0.06191744340878835,1595,1502,71.89,15.67,104.61,0.56,44.08,49946.15059999999
2024-06-02,4,6,0.003537735849056589,2535,2544,71.89,15.67,104.61,0.56,44.08,49946.15059999999
2024-06-02,3,7,0.022994379151762945,1912,1957,71.89,15.67,104.61,0.56,44.08,49946.15059999999
2024-06-03,2,1,-0.12052730696798486,595,531,69.39,57.85,104.61,0.56,44.08,49946.15059999999
2024-06-03,1,4,-0.026378896882494063,1712,1668,69.39,57.85,104.61,0.56,44.08,49946.15059999999
2024-06-03,3,6,-0.001061007957559701,1887,1885,69.39,57.85,104.61,0.56,44.08,49946.15059999999
2024-06-03,4,8,0.03878216745197538,2652,2759,69.39,57.85,104.61,0.56,44.08,49946.15059999999
2024-06-04,1,1,-0.13745704467353947,1655,1455,83.27,34.97,104.61,0.56,44.08,49946.15059999999
2024-06-04,4,2,-0.07676602694977541,2637,2449,83.27,34.97,104.61,0.56,44.08,49946.15059999999
2024-06-04,3,4,-0.029654036243822013,1875,1821,83.27,34.97,104.61,0.56,44.08,49946.15059999999
2024-06-04,2,10,0.07115384615384612,483,520,83.27,34.97,104.61,0.56,44.08,49946.15059999999
2024-06-05,2,1,-0.2446236559139785,463,372,79.14,0.0,104.61,0.56,44.08,49946.15059999999
2024-06-05,1,1,-0.13778409090909083,1602,1408,79.14,0.0,104.61,0.56,44.08,49946.15059999999
2024-06-05,3,7,0.01156387665198233,1795,1816,79.14,0.0,104.61,0.56,44.08,49946.15059999999
2024-06-05,4,7,0.015525477707006408,2473,2512,79.14,0.0,104.61,0.56,44.08,49946.15059999999
2024-06-06,1,2,-0.06208277703604814,1591,1498,82.38,0.0,104.61,0.56,44.08,49946.15059999999
2024-06-06,4,7,0.015408929276965577,2492,2531,82.38,0.0,104.61,0.56,44.08,49946.15059999999
2024-06-06,3,10,0.07285787583376091,1807,1949,82.38,0.0,104.61,0.56,44.08,49946.15059999999
2024-06-06,2,10,0.19688109161793377,412,513,82.38,0.0,104.61,0.56,44.08,49946.15059999999
2024-06-07,1,3,-0.03606356968215163,1695,1636,79.59,136.45,104.61,0.56,44.08,49946.15059999999
2024-06-07,4,8,0.030453257790368227,2738,2824,79.59,136.45,104.61,0.56,44.08,49946.15059999999
2024-06-07,3,8,0.03974562798092207,1812,1887,79.59,136.45,104.61,0.56,44.08,49946.15059999999
2024-06-07,2,10,0.2304526748971193,374,486,79.59,136.45,104.61,0.56,44.08,49946.15059999999
2024-06-08,2,1,-3.7733333333333334,358,75,82.51,0.0,104.61,0.56,44.08,49946.15059999999
2024-06-08,4,2,-0.06404136833731111,2675,2514,82.51,0.0,104.61,0.56,44.08,49946.15059999999
2024-06-08,1,3,-0.04088050314465419,1655,1590,82.51,0.0,104.61,0.56,44.08,49946.15059999999
2024-06-08,3,10,0.1065118626956083,1770,1981,82.51,0.0,104.61,0.56,44.08,49946.15059999999
2024-06-09,1,6,-0.001820388349514479,1651,1648,75.19,0.0,104.61,0.56,44.08,49946.15059999999
2024-06-09,3,7,0.01848739495798324,1752,1785,75.19,0.0,104.61,0.56,44.08,49946.15059999999
2024-06-09,4,8,0.03524559430071239,2573,2667,75.19,0.0,104.61,0.56,44.08,49946.15059999999
2024-06-09,2,10,0.39144736842105265,370,608,75.19,0.0,104.61,0.56,44.08,49946.15059999999
2024-06-10,2,1,-0.6298932384341638,458,281,73.5,0.0,104.61,0.56,44.08,49946.15059999999
2024-06-10,1,2,-0.09523809523809534,1725,1575,73.5,0.0,104.61,0.56,44.08,49946.15059999999
2024-06-10,3,4,-0.03117647058823536,1753,1700,73.5,0.0,104.61,0.56,44.08,49946.15059999999
2024-06-10,4,9,0.041101055806938125,2543,2652,73.5,0.0,104.61,0.56,44.08,49946.15059999999
2024-06-11,2,1,-0.2231638418079096,433,354,82.3,0.0,104.61,0.56,44.08,49946.15059999999
2024-06-11,1,4,-0.021518987341772045,1614,1580,82.3,0.0,104.61,0.56,44.08,49946.15059999999
2024-06-11,3,6,0.010514665190924144,1788,1807,82.3,0.0,104.61,0.56,44.08,49946.15059999999
2024-06-11,4,9,0.040434294271808335,2563,2671,82.3,0.0,104.61,0.56,44.08,49946.15059999999
2024-06-12,2,1,-0.3342541436464088,483,362,75.09,0.0,104.61,0.56,44.08,49946.15059999999
2024-06-12,1,1,-0.10119465917076598,1567,1423,75.09,0.0,104.61,0.56,44.08,49946.15059999999
2024-06-12,3,3,-0.045060658578856216,1809,1731,75.09,0.0,104.61,0.56,44.08,49946.15059999999
2024-06-12,4,9,0.040992854456562644,2550,2659,75.09,0.0,104.61,0.56,44.08,49946.15059999999
2024-06-13,4,6,-0.0012285012285011554,2445,2442,75.89,0.0,104.61,0.56,44.08,49946.15059999999
2024-06-13,1,7,0.01484828921885084,1526,1549,75.89,0.0,104.61,0.56,44.08,49946.15059999999
2024-06-13,3,9,0.05123966942148761,1722,1815,75.89,0.0,104.61,0.56,44.08,49946.15059999999
2024-06-13,2,10,0.27626459143968873,558,771,75.89,0.0,104.61,0.56,44.08,49946.15059999999
2024-06-14,3,3,-0.042813455657492394,1705,1635,77.28,62.04,104.61,0.56,44.08,49946.15059999999
2024-06-14,4,8,0.02526395173453999,2585,2652,77.28,62.04,104.61,0.56,44.08,49946.15059999999
2024-06-14,2,8,0.038112522686025385,530,551,77.28,62.04,104.61,0.56,44.08,49946.15059999999
2024-06-14,1,10,0.07451212300413956,1565,1691,77.28,62.04,104.61,0.56,44.08,49946.15059999999
2024-06-15,2,2,-0.05823293172690769,527,498,79.87,69.85,104.61,0.56,44.08,49946.15059999999
2024-06-15,1,3,-0.043233082706766846,1665,1596,79.87,69.85,104.61,0.56,44.08,49946.15059999999
2024-06-15,4,5,-0.003776435045317328,2658,2648,79.87,69.85,104.61,0.56,44.08,49946.15059999999
2024-06-15,3,10,0.07051282051282048,1740,1872,79.87,69.85,104.61,0.56,44.08,49946.15059999999
2024-06-16,2,2,-0.09426229508196715,534,488,78.23,0.38,104.61,0.56,44.08,49946.15059999999
2024-06-16,1,3,-0.0531561461794019,1585,1505,78.23,0.38,104.61,0.56,44.08,49946.15059999999
2024-06-16,4,4,-0.022222222222222143,2530,2475,78.23,0.38,104.61,0.56,44.08,49946.15059999999
2024-06-16,3,9,0.05663520266518596,1699,1801,78.23,0.38,104.61,0.56,44.08,49946.15059999999
